event,iteration,cfr_nodes,rss_bytes,rss_gb,traced_current_bytes,traced_peak_bytes,elapsed_seconds
start,0,0,23314432,0.0217,,,0.0
sample,50,11386,70189056,0.0654,,,30.229
sample,100,21487,109416448,0.1019,,,60.917
sample,150,30223,144875520,0.1349,,,90.172
sample,200,38286,176467968,0.1643,,,119.322
sample,250,45712,207421440,0.1932,,,149.746
sample,300,52287,233463808,0.2174,,,179.42
sample,350,58260,258154496,0.2404,,,207.302
sample,400,64492,283058176,0.2636,,,237.486
sample,450,70438,307630080,0.2865,,,269.939
sample,500,75175,327983104,0.3055,,,298.212
sample,550,80084,348442624,0.3245,,,328.37
sample,600,84442,366530560,0.3414,,,356.016
sample,650,88654,387227648,0.3606,,,384.773
sample,700,93140,406806528,0.3789,,,413.667
sample,750,96554,421761024,0.3928,,,442.021
sample,800,100168,437424128,0.4074,,,471.022
sample,850,104089,454758400,0.4235,,,503.687
sample,900,107281,469016576,0.4368,,,530.939
sample,950,110170,482050048,0.4489,,,558.776
sample,1000,114110,499486720,0.4652,,,590.789
after_checkpoint_save,1000,114110,590102528,0.5496,,,599.955
